{
  "country" : "Singapore",
  "city" : "Singapore",
  "name" : "SIT",
  "location" : {
    "type" : "Point",
    "coordinates" : [ 1.3005, 103.7803 ]
  },
  "students" : [
    { "year" : 2014, "number" : 24774 },
    { "year" : 2015, "number" : 23166 },
    { "year" : 2016, "number" : 21913 },
    { "year" : 2017, "number" : 21715 }
  ]
}
{
     
    "country" : "Singaporee",
    "city" : "Singapore",
    "name" : "DigiPen",
    "location" : 
    {
        "type" : "Point",
        "coordinates" : [ 1.3075, 103.7782 ]
    },
    "students" : [
    { "year" : 2014, "number" : 4788 },
    { "year" : 2015, "number" : 4821 },
    { "year" : 2016, "number" : 6550 },
    { "year" : 2017, "number" : 6125 }
    ]    
}